archivo,estandar_aplicado,nota
dgs_factura1.repx,factura_carta_qr-abajo.repx,
facilfactura_de-pos_0569e26fc0c0f7b6f28d10846cc9f89e.repx,pos_80mm_qr-arriba.repx,
facilfactura_de-pos_e3c6676f386115698e9151951c021047.repx,pos_80mm_qr-abajo.repx,
facilfactura_ds_20df6d77bfed4592bac193afd63f5637.repx,documento-soporte_carta_qr-abajo.repx,
facilfactura_ds_4298bcebbe4b4e16860d7842e26dde5f.repx,documento-soporte_carta_qr-abajo.repx,
facilfactura_ds_78384e2e16fe4a4aa5ea5b7307c01ce7.repx,documento-soporte_carta_qr-abajo.repx,
facilfactura_ds_7be86391de0341f09231d418f52ec3f1.repx,documento-soporte_mediacarta_qr-arriba.repx,
facilfactura_ds_829e587415704b1697278fc72006a501.repx,documento-soporte_mediacarta_qr-abajo.repx,
facilfactura_ds_9dcd0a5109f2495fb8e6d05b79a38e51.repx,documento-soporte_mediacarta_qr-arriba.repx,
facilfactura_ds_a481be70ea1e4cb4bd90c751ea0963e2.repx,documento-soporte_carta_qr-arriba.repx,
facilfactura_ds_b7a99c6516f94eec9c4c837efadc9fd9.repx,documento-soporte_carta_qr-arriba.repx,
facilfactura_ds_bcb984c104aa410d956f7677ac576c64.repx,documento-soporte_mediacarta_qr-arriba.repx,
facilfactura_ds_c385f54ae12c4d139a3cd5da9a124caf.repx,documento-soporte_carta_qr-abajo.repx,
facilfactura_ds_d6ba58a29b6a43828f358c6a2e24a2a8.repx,documento-soporte_carta_qr-arriba.repx,
facilfactura_ds_e1dda2dc0d6b44ba89f9e79a0c262711.repx,documento-soporte_carta_qr-arriba.repx,
facilfactura_fe-std_25939de2cebd489eb7210188cb6edf86.repx,factura_carta_qr-abajo.repx,
facilfactura_fe-std_42fd2d5628f8418a98e49ed064119b31.repx,factura_carta_qr-arriba.repx,
facilfactura_fe-std_6282bdec9e4041e09e06610c249ddb49.repx,factura_mediacarta_qr-arriba.repx,
facilfactura_fe-std_736301de8c6746178baa921efb3448ed.repx,factura_carta_qr-abajo.repx,
facilfactura_fe-std_7f2c80386bff43e584b0c79e7f147e9d.repx,factura_mediacarta_qr-arriba.repx,
facilfactura_fe-std_811bd62e8d494aeb9cedfd20d562df49.repx,factura_mediacarta_qr-arriba.repx,
facilfactura_fe-std_conlogo_218c0c3d7f964105.repx,factura_carta_qr-abajo.repx,
facilfactura_fe-std_db7552346eda4e6bb2030129c42aadf2.repx,factura_carta_qr-arriba.repx,
facilfactura_fe-std_e18b092c0eb7411aab2f5e4ffc138605.repx,factura_carta_qr-abajo.repx,
facilfactura_fe-std_f028e959f9f7483bb1ea466a2e2afefb.repx,factura_carta_qr-arriba.repx,
facilfactura_fe-std_mediacarta_conlogo_aa2fa1e23a939cd7.repx,factura_mediacarta_qr-abajo.repx,
facilfactura_fe-std_mediacarta_sinlogo_0da10053b6934fdd.repx,factura_mediacarta_qr-abajo.repx,
facilfactura_fe-std_qrarriba_conlogo_73c505a23afd9f4c.repx,factura_carta_qr-arriba.repx,
facilfactura_fe-std_qrarriba_sinlogo_fa685106911db20f.repx,factura_carta_qr-arriba.repx,
facilfactura_fe-std_sinlogo_ca8d15030542a524.repx,factura_carta_qr-abajo.repx,
facilfactura_ne-pago_25139978bc43461aa203a2230f288bdc.repx,nomina_mediacarta_qr-abajo.repx,
facilfactura_ne-pago_60d6985b8b064028bf56e0f726ee8502.repx,nomina_carta_qr-abajo.repx,
facilfactura_ne-pago_6e4020f2e5c14c6c8766ca38a81f5d0a.repx,nomina_carta_qr-arriba.repx,
facilfactura_ne-pago_7407821951cc4bd3a352449ac29aeee6.repx,nomina_carta_qr-abajo.repx,
facilfactura_ne-pago_8806de6bc98c4c3ab8e82ebdca5a3afe.repx,nomina_carta_qr-arriba.repx,
facilfactura_ne-pago_8d04aa96bc7c4723a57059b63285cfd6.repx,nomina_carta_qr-arriba.repx,
facilfactura_ne-pago_9035f1b5e813497d821299deed9952ad.repx,nomina_carta_qr-arriba.repx,
facilfactura_ne-pago_b63c4da9dde54aa7b7939768572c741c.repx,nomina_mediacarta_qr-arriba.repx,
facilfactura_ne-pago_bdb911d7e21c4bb79a2b49ae65414c71.repx,nomina_carta_qr-abajo.repx,
facilfactura_ne-pago_e434d710d3914068bb586e3f9279047f.repx,nomina_mediacarta_qr-arriba.repx,
facilfactura_ne-pago_f08463243be24572aabeda30b34dea12.repx,nomina_mediacarta_qr-arriba.repx,
facilfactura_ne-pago_f15f263f00704071b113a76b1f2c169e.repx,nomina_carta_qr-abajo.repx,
sofactory001.repx,factura_carta_qr-abajo.repx,
v2_ds1.repx,documento-soporte_carta_qr-abajo.repx,
v2_ds2.repx,documento-soporte_carta_qr-arriba.repx,
v2_ds3.repx,documento-soporte_mediacarta_qr-arriba.repx,
v2_fa1.repx,factura_carta_qr-abajo.repx,
v2_fa2.repx,factura_carta_qr-arriba.repx,
v2_fa3.repx,factura_mediacarta_qr-arriba.repx,
